{
   "delay": 0.0, 
   "rotation": {
      "i": -0.0009956118151052, 
      "j": -0.005250365056214873, 
      "k": -0.0073300474237512235, 
      "w": 0.9999588555678958
   }, 
   "translation": {
      "x": 0.3261671094853631, 
      "y": -0.5442027594687945, 
      "z": 2.764086144198522
   }
}